{
  "fio version" : "fio-3.12",
  "timestamp" : 1542276564,
  "timestamp_ms" : 1542276564238,
  "time" : "Thu Nov 15 11:09:24 2018",
  "global options" : {
    "direct" : "1",
    "ioengine" : "libaio",
    "size" : "5G",
    "filesize" : "5G",
    "iodepth" : "10",
    "runtime" : "1m",
    "filename" : "randread-raw-data-5G"
  },
  "jobs" : [
    {
      "jobname" : "randread-2m",
      "groupid" : 0,
      "error" : 0,
      "eta" : 0,
      "elapsed" : 61,
      "job options" : {
        "rw" : "randread",
        "bs" : "2m"
      },
      "read" : {
        "io_bytes" : 74870423552,
        "io_kbytes" : 73115648,
        "bw_bytes" : 1247507723,
        "bw" : 1218269,
        "iops" : 594.858038,
        "runtime" : 60016,
        "total_ios" : 35701,
        "short_ios" : 0,
        "drop_ios" : 0,
        "slat_ns" : {
          "min" : 68095,
          "max" : 1912115,
          "mean" : 194776.144786,
          "stddev" : 29868.192088
        },
        "clat_ns" : {
          "min" : 4763455,
          "max" : 30212292,
          "mean" : 16603776.861264,
          "stddev" : 402616.207464,
          "percentile" : {
            "1.000000" : 16056320,
            "5.000000" : 16187392,
            "10.000000" : 16318464,
            "20.000000" : 16449536,
            "30.000000" : 16449536,
            "40.000000" : 16580608,
            "50.000000" : 16580608,
            "60.000000" : 16711680,
            "70.000000" : 16711680,
            "80.000000" : 16908288,
            "90.000000" : 16908288,
            "95.000000" : 16908288,
            "99.000000" : 17170432,
            "99.500000" : 17170432,
            "99.900000" : 20054016,
            "99.950000" : 21364736,
            "99.990000" : 28442624
          }
        },
        "lat_ns" : {
          "min" : 4983594,
          "max" : 30419650,
          "mean" : 16800430.959301,
          "stddev" : 397232.313700
        },
        "bw_min" : 1204224,
        "bw_max" : 1228800,
        "bw_agg" : 99.994804,
        "bw_mean" : 1218205.700000,
        "bw_dev" : 3976.016681,
        "bw_samples" : 120,
        "iops_min" : 588,
        "iops_max" : 600,
        "iops_mean" : 594.800000,
        "iops_stddev" : 1.947202,
        "iops_samples" : 120
      },
      "write" : {
        "io_bytes" : 0,
        "io_kbytes" : 0,
        "bw_bytes" : 0,
        "bw" : 0,
        "iops" : 0.000000,
        "runtime" : 0,
        "total_ios" : 0,
        "short_ios" : 0,
        "drop_ios" : 0,
        "slat_ns" : {
          "min" : 0,
          "max" : 0,
          "mean" : 0.000000,
          "stddev" : 0.000000
        },
        "clat_ns" : {
          "min" : 0,
          "max" : 0,
          "mean" : 0.000000,
          "stddev" : 0.000000,
          "percentile" : {
            "1.000000" : 0,
            "5.000000" : 0,
            "10.000000" : 0,
            "20.000000" : 0,
            "30.000000" : 0,
            "40.000000" : 0,
            "50.000000" : 0,
            "60.000000" : 0,
            "70.000000" : 0,
            "80.000000" : 0,
            "90.000000" : 0,
            "95.000000" : 0,
            "99.000000" : 0,
            "99.500000" : 0,
            "99.900000" : 0,
            "99.950000" : 0,
            "99.990000" : 0
          }
        },
        "lat_ns" : {
          "min" : 0,
          "max" : 0,
          "mean" : 0.000000,
          "stddev" : 0.000000
        },
        "bw_min" : 0,
        "bw_max" : 0,
        "bw_agg" : 0.000000,
        "bw_mean" : 0.000000,
        "bw_dev" : 0.000000,
        "bw_samples" : 0,
        "iops_min" : 0,
        "iops_max" : 0,
        "iops_mean" : 0.000000,
        "iops_stddev" : 0.000000,
        "iops_samples" : 0
      },
      "trim" : {
        "io_bytes" : 0,
        "io_kbytes" : 0,
        "bw_bytes" : 0,
        "bw" : 0,
        "iops" : 0.000000,
        "runtime" : 0,
        "total_ios" : 0,
        "short_ios" : 0,
        "drop_ios" : 0,
        "slat_ns" : {
          "min" : 0,
          "max" : 0,
          "mean" : 0.000000,
          "stddev" : 0.000000
        },
        "clat_ns" : {
          "min" : 0,
          "max" : 0,
          "mean" : 0.000000,
          "stddev" : 0.000000,
          "percentile" : {
            "1.000000" : 0,
            "5.000000" : 0,
            "10.000000" : 0,
            "20.000000" : 0,
            "30.000000" : 0,
            "40.000000" : 0,
            "50.000000" : 0,
            "60.000000" : 0,
            "70.000000" : 0,
            "80.000000" : 0,
            "90.000000" : 0,
            "95.000000" : 0,
            "99.000000" : 0,
            "99.500000" : 0,
            "99.900000" : 0,
            "99.950000" : 0,
            "99.990000" : 0
          }
        },
        "lat_ns" : {
          "min" : 0,
          "max" : 0,
          "mean" : 0.000000,
          "stddev" : 0.000000
        },
        "bw_min" : 0,
        "bw_max" : 0,
        "bw_agg" : 0.000000,
        "bw_mean" : 0.000000,
        "bw_dev" : 0.000000,
        "bw_samples" : 0,
        "iops_min" : 0,
        "iops_max" : 0,
        "iops_mean" : 0.000000,
        "iops_stddev" : 0.000000,
        "iops_samples" : 0
      },
      "sync" : {
        "lat_ns" : {
          "min" : 0,
          "max" : 0,
          "mean" : 0.000000,
          "stddev" : 0.000000,
          "percentile" : {
            "1.000000" : 0,
            "5.000000" : 0,
            "10.000000" : 0,
            "20.000000" : 0,
            "30.000000" : 0,
            "40.000000" : 0,
            "50.000000" : 0,
            "60.000000" : 0,
            "70.000000" : 0,
            "80.000000" : 0,
            "90.000000" : 0,
            "95.000000" : 0,
            "99.000000" : 0,
            "99.500000" : 0,
            "99.900000" : 0,
            "99.950000" : 0,
            "99.990000" : 0
          }
        },
        "total_ios" : 0
      },
      "job_runtime" : 60015,
      "usr_cpu" : 0.639840,
      "sys_cpu" : 12.843456,
      "ctx" : 35708,
      "majf" : 0,
      "minf" : 5129,
      "iodepth_level" : {
        "1" : 0.100000,
        "2" : 0.100000,
        "4" : 0.100000,
        "8" : 99.980393,
        "16" : 0.000000,
        "32" : 0.000000,
        ">=64" : 0.000000
      },
      "iodepth_submit" : {
        "0" : 0.000000,
        "4" : 100.000000,
        "8" : 0.000000,
        "16" : 0.000000,
        "32" : 0.000000,
        "64" : 0.000000,
        ">=64" : 0.000000
      },
      "iodepth_complete" : {
        "0" : 0.000000,
        "4" : 99.997198,
        "8" : 0.000000,
        "16" : 0.100000,
        "32" : 0.000000,
        "64" : 0.000000,
        ">=64" : 0.000000
      },
      "latency_ns" : {
        "2" : 0.000000,
        "4" : 0.000000,
        "10" : 0.000000,
        "20" : 0.000000,
        "50" : 0.000000,
        "100" : 0.000000,
        "250" : 0.000000,
        "500" : 0.000000,
        "750" : 0.000000,
        "1000" : 0.000000
      },
      "latency_us" : {
        "2" : 0.000000,
        "4" : 0.000000,
        "10" : 0.000000,
        "20" : 0.000000,
        "50" : 0.000000,
        "100" : 0.000000,
        "250" : 0.000000,
        "500" : 0.000000,
        "750" : 0.000000,
        "1000" : 0.000000
      },
      "latency_ms" : {
        "2" : 0.000000,
        "4" : 0.000000,
        "10" : 0.050419,
        "20" : 99.845943,
        "50" : 0.103639,
        "100" : 0.000000,
        "250" : 0.000000,
        "500" : 0.000000,
        "750" : 0.000000,
        "1000" : 0.000000,
        "2000" : 0.000000,
        ">=2000" : 0.000000
      },
      "latency_depth" : 10,
      "latency_target" : 0,
      "latency_percentile" : 100.000000,
      "latency_window" : 0
    }
  ],
  "disk_util" : [
    {
      "name" : "nvme0n1",
      "read_ios" : 71326,
      "write_ios" : 16,
      "read_merges" : 0,
      "write_merges" : 0,
      "read_ticks" : 1157116,
      "write_ticks" : 260,
      "in_queue" : 1157528,